-- phpMyAdmin SQL Dump
-- version 5.2.1
-- https://www.phpmyadmin.net/
--
-- Host: 127.0.0.1
-- Generation Time: Jun 06, 2024 at 08:41 PM
-- Server version: 10.4.32-MariaDB
-- PHP Version: 8.2.12

SET SQL_MODE = "NO_AUTO_VALUE_ON_ZERO";
START TRANSACTION;
SET time_zone = "+00:00";


/*!40101 SET @OLD_CHARACTER_SET_CLIENT=@@CHARACTER_SET_CLIENT */;
/*!40101 SET @OLD_CHARACTER_SET_RESULTS=@@CHARACTER_SET_RESULTS */;
/*!40101 SET @OLD_COLLATION_CONNECTION=@@COLLATION_CONNECTION */;
/*!40101 SET NAMES utf8mb4 */;

--
-- Database: `collectifymt`
--

-- --------------------------------------------------------

--
-- Table structure for table `comments`
--

CREATE TABLE `comments` (
  `comment_id` int(11) NOT NULL,
  `post_id` int(11) NOT NULL,
  `user_id` int(11) NOT NULL,
  `parent_comment_id` int(11) DEFAULT NULL,
  `content` text NOT NULL,
  `created_at` timestamp NOT NULL DEFAULT current_timestamp()
) ENGINE=InnoDB DEFAULT CHARSET=utf8mb4 COLLATE=utf8mb4_general_ci;

-- --------------------------------------------------------

--
-- Table structure for table `friends`
--

CREATE TABLE `friends` (
  `user_id` int(11) NOT NULL,
  `friend_id` int(11) NOT NULL,
  `status` enum('normal','best') DEFAULT 'normal'
) ENGINE=InnoDB DEFAULT CHARSET=utf8mb4 COLLATE=utf8mb4_general_ci;

--
-- Dumping data for table `friends`
--

INSERT INTO `friends` (`user_id`, `friend_id`, `status`) VALUES
(11, 8, 'best'),
(11, 9, 'normal');

-- --------------------------------------------------------

--
-- Table structure for table `friend_requests`
--

CREATE TABLE `friend_requests` (
  `request_id` int(11) NOT NULL,
  `sender_id` int(11) NOT NULL,
  `receiver_id` int(11) NOT NULL,
  `status` enum('pending','accepted','declined') DEFAULT 'pending'
) ENGINE=InnoDB DEFAULT CHARSET=utf8mb4 COLLATE=utf8mb4_general_ci;

--
-- Dumping data for table `friend_requests`
--

INSERT INTO `friend_requests` (`request_id`, `sender_id`, `receiver_id`, `status`) VALUES
(14, 11, 8, 'pending'),
(15, 11, 10, 'pending'),
(16, 11, 9, 'pending');

-- --------------------------------------------------------

--
-- Table structure for table `groups`
--

CREATE TABLE `groups` (
  `group_id` int(11) NOT NULL,
  `group_name` varchar(255) NOT NULL,
  `created_by` int(11) NOT NULL,
  `created_at` timestamp NOT NULL DEFAULT current_timestamp()
) ENGINE=InnoDB DEFAULT CHARSET=utf8mb4 COLLATE=utf8mb4_general_ci;

--
-- Dumping data for table `groups`
--

INSERT INTO `groups` (`group_id`, `group_name`, `created_by`, `created_at`) VALUES
(2, 'Jean\'s Group', 8, '2024-06-06 18:28:56');

-- --------------------------------------------------------

--
-- Table structure for table `group_members`
--

CREATE TABLE `group_members` (
  `group_id` int(11) NOT NULL,
  `user_id` int(11) NOT NULL,
  `joined_at` timestamp NOT NULL DEFAULT current_timestamp()
) ENGINE=InnoDB DEFAULT CHARSET=utf8mb4 COLLATE=utf8mb4_general_ci;

--
-- Dumping data for table `group_members`
--

INSERT INTO `group_members` (`group_id`, `user_id`, `joined_at`) VALUES
(2, 8, '2024-06-06 18:28:56');

-- --------------------------------------------------------

--
-- Table structure for table `group_messages`
--

CREATE TABLE `group_messages` (
  `message_id` int(11) NOT NULL,
  `group_id` int(11) NOT NULL,
  `user_id` int(11) NOT NULL,
  `content` text NOT NULL,
  `sent_at` timestamp NOT NULL DEFAULT current_timestamp()
) ENGINE=InnoDB DEFAULT CHARSET=utf8mb4 COLLATE=utf8mb4_general_ci;

-- --------------------------------------------------------

--
-- Table structure for table `likes`
--

CREATE TABLE `likes` (
  `like_id` int(11) NOT NULL,
  `post_id` int(11) DEFAULT NULL,
  `user_id` int(11) DEFAULT NULL,
  `created_at` timestamp NOT NULL DEFAULT current_timestamp()
) ENGINE=InnoDB DEFAULT CHARSET=utf8mb4 COLLATE=utf8mb4_general_ci;

-- --------------------------------------------------------

--
-- Table structure for table `messages`
--

CREATE TABLE `messages` (
  `message_id` int(11) NOT NULL,
  `sender_id` int(11) NOT NULL,
  `receiver_id` int(11) NOT NULL,
  `content` text NOT NULL,
  `sent_at` timestamp NOT NULL DEFAULT current_timestamp(),
  `read` tinyint(1) DEFAULT 0
) ENGINE=InnoDB DEFAULT CHARSET=utf8mb4 COLLATE=utf8mb4_general_ci;

--
-- Dumping data for table `messages`
--

INSERT INTO `messages` (`message_id`, `sender_id`, `receiver_id`, `content`, `sent_at`, `read`) VALUES
(1, 8, 11, 'Hello!', '2024-06-06 18:38:05', 1),
(2, 9, 11, 'How are you?', '2024-06-06 18:38:05', 1),
(3, 10, 11, '0mg Cholesterol', '2024-06-06 18:38:33', 1),
(21, 11, 9, 'Not bad!', '2024-06-06 18:38:45', 0);

-- --------------------------------------------------------

--
-- Table structure for table `notifications`
--

CREATE TABLE `notifications` (
  `notification_id` int(11) NOT NULL,
  `user_id` int(11) DEFAULT NULL,
  `content` text DEFAULT NULL,
  `created_at` timestamp NOT NULL DEFAULT current_timestamp()
) ENGINE=InnoDB DEFAULT CHARSET=utf8mb4 COLLATE=utf8mb4_general_ci;

-- --------------------------------------------------------

--
-- Table structure for table `posts`
--

CREATE TABLE `posts` (
  `post_id` int(11) NOT NULL,
  `user_id` int(11) DEFAULT NULL,
  `content` text DEFAULT NULL,
  `created_at` timestamp NOT NULL DEFAULT current_timestamp()
) ENGINE=InnoDB DEFAULT CHARSET=utf8mb4 COLLATE=utf8mb4_general_ci;

-- --------------------------------------------------------

--
-- Table structure for table `users`
--

CREATE TABLE `users` (
  `user_id` int(11) NOT NULL,
  `email` varchar(255) NOT NULL,
  `username` varchar(255) NOT NULL,
  `password` varchar(255) NOT NULL,
  `birthdate` date NOT NULL,
  `created_at` timestamp NOT NULL DEFAULT current_timestamp(),
  `first_name` varchar(255) NOT NULL,
  `last_name` varchar(255) NOT NULL
) ENGINE=InnoDB DEFAULT CHARSET=utf8mb4 COLLATE=utf8mb4_general_ci;

--
-- Dumping data for table `users`
--

INSERT INTO `users` (`user_id`, `email`, `username`, `password`, `birthdate`, `created_at`, `first_name`, `last_name`) VALUES
(8, 'test1@gmail.com', 'Jean', '$2y$10$Rh8lVuUm6Tr12Bf42RcBIe.Aav.mmR3E7zkh/gQmVe5/7WjztU7Ye', '2002-11-22', '2024-06-06 18:24:00', 'Jean', 'Cacciattolo'),
(9, 'test2@gmail.com', 'Peter', '$2y$10$LCrR7FZtFyMEAMCvCGlI/OlHFpxwgDL/kPmnvCMLO45rA470v6mLW', '2001-12-22', '2024-06-06 18:26:14', 'Peter', 'Sheehen'),
(10, 'test3@gmail.com', 'Hope', '$2y$10$4vdwtZXjktg9L.pfZ1mtsOHl5IXaZUwYCKcz4TRMhryM2TQxqH96C', '2007-11-26', '2024-06-06 18:26:47', 'Hope', 'Cacciattolo'),
(11, 'Cumbo@gmail.com', 'Cumbo', '$2y$10$pnwcO3.bQBriP5pGvDH/tOvLu8TD2cI6x9TNRJFzuw7kTStTDszD2', '1965-02-28', '2024-06-06 18:36:36', 'Mr.', 'Cumbo');

-- --------------------------------------------------------

--
-- Table structure for table `user_interests`
--

CREATE TABLE `user_interests` (
  `id` int(11) NOT NULL,
  `user_id` int(11) NOT NULL,
  `interest` varchar(255) NOT NULL
) ENGINE=InnoDB DEFAULT CHARSET=utf8mb4 COLLATE=utf8mb4_general_ci;

--
-- Indexes for dumped tables
--

--
-- Indexes for table `comments`
--
ALTER TABLE `comments`
  ADD PRIMARY KEY (`comment_id`),
  ADD KEY `post_id` (`post_id`),
  ADD KEY `user_id` (`user_id`),
  ADD KEY `parent_comment_id` (`parent_comment_id`);

--
-- Indexes for table `friends`
--
ALTER TABLE `friends`
  ADD PRIMARY KEY (`user_id`,`friend_id`),
  ADD KEY `friend_id` (`friend_id`);

--
-- Indexes for table `friend_requests`
--
ALTER TABLE `friend_requests`
  ADD PRIMARY KEY (`request_id`),
  ADD KEY `sender_id` (`sender_id`),
  ADD KEY `receiver_id` (`receiver_id`);

--
-- Indexes for table `groups`
--
ALTER TABLE `groups`
  ADD PRIMARY KEY (`group_id`),
  ADD KEY `created_by` (`created_by`);

--
-- Indexes for table `group_members`
--
ALTER TABLE `group_members`
  ADD PRIMARY KEY (`group_id`,`user_id`),
  ADD KEY `user_id` (`user_id`);

--
-- Indexes for table `group_messages`
--
ALTER TABLE `group_messages`
  ADD PRIMARY KEY (`message_id`),
  ADD KEY `group_id` (`group_id`),
  ADD KEY `user_id` (`user_id`);

--
-- Indexes for table `likes`
--
ALTER TABLE `likes`
  ADD PRIMARY KEY (`like_id`),
  ADD KEY `post_id` (`post_id`),
  ADD KEY `user_id` (`user_id`);

--
-- Indexes for table `messages`
--
ALTER TABLE `messages`
  ADD PRIMARY KEY (`message_id`),
  ADD KEY `sender_id` (`sender_id`),
  ADD KEY `receiver_id` (`receiver_id`);

--
-- Indexes for table `notifications`
--
ALTER TABLE `notifications`
  ADD PRIMARY KEY (`notification_id`),
  ADD KEY `user_id` (`user_id`);

--
-- Indexes for table `posts`
--
ALTER TABLE `posts`
  ADD PRIMARY KEY (`post_id`),
  ADD KEY `user_id` (`user_id`);

--
-- Indexes for table `users`
--
ALTER TABLE `users`
  ADD PRIMARY KEY (`user_id`);

--
-- Indexes for table `user_interests`
--
ALTER TABLE `user_interests`
  ADD PRIMARY KEY (`id`),
  ADD KEY `user_id` (`user_id`);

--
-- AUTO_INCREMENT for dumped tables
--

--
-- AUTO_INCREMENT for table `comments`
--
ALTER TABLE `comments`
  MODIFY `comment_id` int(11) NOT NULL AUTO_INCREMENT, AUTO_INCREMENT=21;

--
-- AUTO_INCREMENT for table `friend_requests`
--
ALTER TABLE `friend_requests`
  MODIFY `request_id` int(11) NOT NULL AUTO_INCREMENT, AUTO_INCREMENT=17;

--
-- AUTO_INCREMENT for table `groups`
--
ALTER TABLE `groups`
  MODIFY `group_id` int(11) NOT NULL AUTO_INCREMENT, AUTO_INCREMENT=3;

--
-- AUTO_INCREMENT for table `group_messages`
--
ALTER TABLE `group_messages`
  MODIFY `message_id` int(11) NOT NULL AUTO_INCREMENT, AUTO_INCREMENT=5;

--
-- AUTO_INCREMENT for table `likes`
--
ALTER TABLE `likes`
  MODIFY `like_id` int(11) NOT NULL AUTO_INCREMENT;

--
-- AUTO_INCREMENT for table `messages`
--
ALTER TABLE `messages`
  MODIFY `message_id` int(11) NOT NULL AUTO_INCREMENT, AUTO_INCREMENT=22;

--
-- AUTO_INCREMENT for table `notifications`
--
ALTER TABLE `notifications`
  MODIFY `notification_id` int(11) NOT NULL AUTO_INCREMENT;

--
-- AUTO_INCREMENT for table `posts`
--
ALTER TABLE `posts`
  MODIFY `post_id` int(11) NOT NULL AUTO_INCREMENT, AUTO_INCREMENT=13;

--
-- AUTO_INCREMENT for table `users`
--
ALTER TABLE `users`
  MODIFY `user_id` int(11) NOT NULL AUTO_INCREMENT, AUTO_INCREMENT=12;

--
-- AUTO_INCREMENT for table `user_interests`
--
ALTER TABLE `user_interests`
  MODIFY `id` int(11) NOT NULL AUTO_INCREMENT, AUTO_INCREMENT=7;

--
-- Constraints for dumped tables
--

--
-- Constraints for table `comments`
--
ALTER TABLE `comments`
  ADD CONSTRAINT `comments_ibfk_1` FOREIGN KEY (`post_id`) REFERENCES `posts` (`post_id`) ON DELETE CASCADE,
  ADD CONSTRAINT `comments_ibfk_2` FOREIGN KEY (`user_id`) REFERENCES `users` (`user_id`) ON DELETE CASCADE,
  ADD CONSTRAINT `comments_ibfk_3` FOREIGN KEY (`parent_comment_id`) REFERENCES `comments` (`comment_id`) ON DELETE CASCADE;

--
-- Constraints for table `friends`
--
ALTER TABLE `friends`
  ADD CONSTRAINT `friends_ibfk_1` FOREIGN KEY (`user_id`) REFERENCES `users` (`user_id`) ON DELETE CASCADE,
  ADD CONSTRAINT `friends_ibfk_2` FOREIGN KEY (`friend_id`) REFERENCES `users` (`user_id`) ON DELETE CASCADE;

--
-- Constraints for table `friend_requests`
--
ALTER TABLE `friend_requests`
  ADD CONSTRAINT `friend_requests_ibfk_1` FOREIGN KEY (`sender_id`) REFERENCES `users` (`user_id`) ON DELETE CASCADE,
  ADD CONSTRAINT `friend_requests_ibfk_2` FOREIGN KEY (`receiver_id`) REFERENCES `users` (`user_id`) ON DELETE CASCADE;

--
-- Constraints for table `groups`
--
ALTER TABLE `groups`
  ADD CONSTRAINT `groups_ibfk_1` FOREIGN KEY (`created_by`) REFERENCES `users` (`user_id`) ON DELETE CASCADE;

--
-- Constraints for table `group_members`
--
ALTER TABLE `group_members`
  ADD CONSTRAINT `group_members_ibfk_1` FOREIGN KEY (`group_id`) REFERENCES `groups` (`group_id`) ON DELETE CASCADE,
  ADD CONSTRAINT `group_members_ibfk_2` FOREIGN KEY (`user_id`) REFERENCES `users` (`user_id`) ON DELETE CASCADE;

--
-- Constraints for table `group_messages`
--
ALTER TABLE `group_messages`
  ADD CONSTRAINT `group_messages_ibfk_1` FOREIGN KEY (`group_id`) REFERENCES `groups` (`group_id`) ON DELETE CASCADE,
  ADD CONSTRAINT `group_messages_ibfk_2` FOREIGN KEY (`user_id`) REFERENCES `users` (`user_id`) ON DELETE CASCADE;

--
-- Constraints for table `likes`
--
ALTER TABLE `likes`
  ADD CONSTRAINT `likes_ibfk_1` FOREIGN KEY (`post_id`) REFERENCES `posts` (`post_id`) ON DELETE CASCADE,
  ADD CONSTRAINT `likes_ibfk_2` FOREIGN KEY (`user_id`) REFERENCES `users` (`user_id`) ON DELETE CASCADE;

--
-- Constraints for table `messages`
--
ALTER TABLE `messages`
  ADD CONSTRAINT `messages_ibfk_1` FOREIGN KEY (`sender_id`) REFERENCES `users` (`user_id`) ON DELETE CASCADE,
  ADD CONSTRAINT `messages_ibfk_2` FOREIGN KEY (`receiver_id`) REFERENCES `users` (`user_id`) ON DELETE CASCADE;

--
-- Constraints for table `notifications`
--
ALTER TABLE `notifications`
  ADD CONSTRAINT `notifications_ibfk_1` FOREIGN KEY (`user_id`) REFERENCES `users` (`user_id`);

--
-- Constraints for table `posts`
--
ALTER TABLE `posts`
  ADD CONSTRAINT `posts_ibfk_1` FOREIGN KEY (`user_id`) REFERENCES `users` (`user_id`);

--
-- Constraints for table `user_interests`
--
ALTER TABLE `user_interests`
  ADD CONSTRAINT `user_interests_ibfk_1` FOREIGN KEY (`user_id`) REFERENCES `users` (`user_id`);
COMMIT;

/*!40101 SET CHARACTER_SET_CLIENT=@OLD_CHARACTER_SET_CLIENT */;
/*!40101 SET CHARACTER_SET_RESULTS=@OLD_CHARACTER_SET_RESULTS */;
/*!40101 SET COLLATION_CONNECTION=@OLD_COLLATION_CONNECTION */;
